{
  "channel_contributions": {
    "Affiliates": 0.06739351153373718,
    "Bing": 0.07828226685523987,
    "CTV": 0.08940659463405609,
    "Display": 0.06464508920907974,
    "Facebook": 0.06569816172122955,
    "Google Brand": 0.0684531033039093,
    "Google Non-Brand": 0.07504329085350037,
    "Google Shopping": 0.08322617411613464,
    "LinkedIn": 0.0785600021481514,
    "Podcast": 0.08811312168836594,
    "Reddit": 0.08858844637870789,
    "Review Sites": 0.07900471985340118,
    "YouTube": 0.07358553260564804
  },
  "channel_sparsity": {
    "Affiliates": {
      "incoming_sparsity": 0.006410256493836641,
      "outgoing_sparsity": 0.0,
      "overall_sparsity": 0.0032051282469183207
    },
    "Bing": {
      "incoming_sparsity": 0.0,
      "outgoing_sparsity": 0.006410256493836641,
      "overall_sparsity": 0.0032051282469183207
    },
    "CTV": {
      "incoming_sparsity": 0.057692307978868484,
      "outgoing_sparsity": 0.057692307978868484,
      "overall_sparsity": 0.057692307978868484
    },
    "Display": {
      "incoming_sparsity": 0.012820512987673283,
      "outgoing_sparsity": 0.0,
      "overall_sparsity": 0.006410256493836641
    },
    "Facebook": {
      "incoming_sparsity": 0.012820512987673283,
      "outgoing_sparsity": 0.0,
      "overall_sparsity": 0.006410256493836641
    },
    "Google Brand": {
      "incoming_sparsity": 0.012820512987673283,
      "outgoing_sparsity": 0.0,
      "overall_sparsity": 0.006410256493836641
    },
    "Google Non-Brand": {
      "incoming_sparsity": 0.006410256493836641,
      "outgoing_sparsity": 0.006410256493836641,
      "overall_sparsity": 0.006410256493836641
    },
    "Google Shopping": {
      "incoming_sparsity": 0.01923076994717121,
      "outgoing_sparsity": 0.025641025975346565,
      "overall_sparsity": 0.022435897961258888
    },
    "LinkedIn": {
      "incoming_sparsity": 0.006410256493836641,
      "outgoing_sparsity": 0.03205128386616707,
      "overall_sparsity": 0.01923076994717121
    },
    "Podcast": {
      "incoming_sparsity": 0.044871795922517776,
      "outgoing_sparsity": 0.03846153989434242,
      "overall_sparsity": 0.0416666679084301
    },
    "Reddit": {
      "incoming_sparsity": 0.025641025975346565,
      "outgoing_sparsity": 0.025641025975346565,
      "overall_sparsity": 0.025641025975346565
    },
    "Review Sites": {
      "incoming_sparsity": 0.006410256493836641,
      "outgoing_sparsity": 0.01923076994717121,
      "overall_sparsity": 0.012820512987673283
    },
    "YouTube": {
      "incoming_sparsity": 0.0,
      "outgoing_sparsity": 0.0,
      "overall_sparsity": 0.0
    }
  },
  "stage_summary": {
    "tofu": {
      "channel_attn_sparsity": 0.4778064787387848
    },
    "mofu": {
      "channel_attn_sparsity": 0.16740144789218903
    },
    "bofu": {
      "channel_attn_sparsity": 0.09916242957115173
    }
  },
  "synergy_top": [
    {
      "source": "Review Sites",
      "target": "Google Non-Brand",
      "weight": 0.08424124866724014
    },
    {
      "source": "YouTube",
      "target": "Google Non-Brand",
      "weight": 0.0825047567486763
    },
    {
      "source": "LinkedIn",
      "target": "Review Sites",
      "weight": 0.08245602995157242
    },
    {
      "source": "Reddit",
      "target": "Google Non-Brand",
      "weight": 0.08147820830345154
    },
    {
      "source": "Affiliates",
      "target": "Reddit",
      "weight": 0.0814582034945488
    },
    {
      "source": "Podcast",
      "target": "Google Non-Brand",
      "weight": 0.08114095032215118
    },
    {
      "source": "Affiliates",
      "target": "CTV",
      "weight": 0.08114059269428253
    },
    {
      "source": "LinkedIn",
      "target": "Bing",
      "weight": 0.08073940873146057
    },
    {
      "source": "Google Brand",
      "target": "Google Non-Brand",
      "weight": 0.08069736510515213
    },
    {
      "source": "YouTube",
      "target": "Review Sites",
      "weight": 0.08053398877382278
    }
  ],
  "synergy_matrix": [
    [
      0.07294119149446487,
      0.07795178145170212,
      0.08114059269428253,
      0.07332132011651993,
      0.07186394184827805,
      0.07442410290241241,
      0.07610923796892166,
      0.07968033105134964,
      0.07913199812173843,
      0.07897122949361801,
      0.0814582034945488,
      0.0775296688079834,
      0.07547637820243835
    ],
    [
      0.08005597442388535,
      0.08078686147928238,
      0.07530650496482849,
      0.07479143142700195,
      0.07666818052530289,
      0.0755186676979065,
      0.07762808352708817,
      0.07352551072835922,
      0.07617100328207016,
      0.07682018727064133,
      0.08045665174722672,
      0.07733585685491562,
      0.07493507862091064
    ],
    [
      0.0751231387257576,
      0.07883310317993164,
      0.07629194855690002,
      0.07525710761547089,
      0.07477995753288269,
      0.07343271374702454,
      0.08044998347759247,
      0.08041738718748093,
      0.07908455282449722,
      0.0763167068362236,
      0.07735729217529297,
      0.07863528281450272,
      0.07402081042528152
    ],
    [
      0.07787051796913147,
      0.07699397206306458,
      0.07770806550979614,
      0.08044800907373428,
      0.0757846012711525,
      0.07244987040758133,
      0.0771588459610939,
      0.07532056421041489,
      0.07524721324443817,
      0.07658707350492477,
      0.0775943174958229,
      0.08017357438802719,
      0.07666336745023727
    ],
    [
      0.07789787650108337,
      0.07786423712968826,
      0.07635820657014847,
      0.07609229534864426,
      0.0753834918141365,
      0.07315875589847565,
      0.07868599891662598,
      0.07707195729017258,
      0.0762891173362732,
      0.0774301290512085,
      0.0795430913567543,
      0.07870149612426758,
      0.07552336156368256
    ],
    [
      0.07608543336391449,
      0.07818130403757095,
      0.07732812315225601,
      0.07368528842926025,
      0.0757332444190979,
      0.07381225377321243,
      0.08069736510515213,
      0.07654577493667603,
      0.07766848057508469,
      0.07697732746601105,
      0.077687568962574,
      0.07922521233558655,
      0.07637262344360352
    ],
    [
      0.07777269929647446,
      0.07715771347284317,
      0.0754731297492981,
      0.07191690802574158,
      0.07790722697973251,
      0.076131172478199,
      0.08167126774787903,
      0.07753697782754898,
      0.07654216140508652,
      0.07579616457223892,
      0.07765749096870422,
      0.07829102128744125,
      0.07614606618881226
    ],
    [
      0.07867815345525742,
      0.07707551121711731,
      0.07711756229400635,
      0.07607284933328629,
      0.07647814601659775,
      0.07448545098304749,
      0.0780908539891243,
      0.07610580325126648,
      0.07765723019838333,
      0.07545212656259537,
      0.07912492007017136,
      0.0782175064086914,
      0.07544390112161636
    ],
    [
      0.07651800662279129,
      0.08073940873146057,
      0.07442355155944824,
      0.07052785158157349,
      0.07942051440477371,
      0.07496891170740128,
      0.08040522783994675,
      0.0766950473189354,
      0.07763125747442245,
      0.07548285275697708,
      0.07628530263900757,
      0.08245602995157242,
      0.07444604486227036
    ],
    [
      0.079309843480587,
      0.08018743246793747,
      0.07335373759269714,
      0.07598034292459488,
      0.07458949089050293,
      0.07308271527290344,
      0.08114095032215118,
      0.0782231017947197,
      0.07763227075338364,
      0.07473210245370865,
      0.07794130593538284,
      0.07987998425960541,
      0.07394673675298691
    ],
    [
      0.08022356778383255,
      0.07867079973220825,
      0.07483424991369247,
      0.07088608294725418,
      0.07533014565706253,
      0.0758209303021431,
      0.08147820830345154,
      0.07847186177968979,
      0.07862216979265213,
      0.07438506931066513,
      0.07835409790277481,
      0.07764969021081924,
      0.07527311891317368
    ],
    [
