{
  "channel_contributions": {
    "Affiliates": 0.07929972559213638,
    "Bing": 0.07846583425998688,
    "CTV": 0.06965888291597366,
    "Display": 0.08152393996715546,
    "Facebook": 0.08396805077791214,
    "Google Brand": 0.08281370997428894,
    "Google Non-Brand": 0.08635428547859192,
    "Google Shopping": 0.07478085905313492,
    "LinkedIn": 0.07212109118700027,
    "Podcast": 0.06863878667354584,
    "Reddit": 0.06945963948965073,
    "Review Sites": 0.07603397965431213,
    "YouTube": 0.07688122242689133
  },
  "channel_sparsity": {
    "Affiliates": {
      "incoming_sparsity": 0.0,
      "outgoing_sparsity": 0.0,
      "overall_sparsity": 0.0
    },
    "Bing": {
      "incoming_sparsity": 0.0,
      "outgoing_sparsity": 0.006410256493836641,
      "overall_sparsity": 0.0032051282469183207
    },
    "CTV": {
      "incoming_sparsity": 0.09615384787321091,
      "outgoing_sparsity": 0.07051282376050949,
      "overall_sparsity": 0.0833333358168602
    },
    "Display": {
      "incoming_sparsity": 0.0,
      "outgoing_sparsity": 0.0,
      "overall_sparsity": 0.0
    },
    "Facebook": {
      "incoming_sparsity": 0.0,
      "outgoing_sparsity": 0.012820512987673283,
      "overall_sparsity": 0.006410256493836641
    },
    "Google Brand": {
      "incoming_sparsity": 0.0,
      "outgoing_sparsity": 0.0,
      "overall_sparsity": 0.0
    },
    "Google Non-Brand": {
      "incoming_sparsity": 0.0,
      "outgoing_sparsity": 0.006410256493836641,
      "overall_sparsity": 0.0032051282469183207
    },
    "Google Shopping": {
      "incoming_sparsity": 0.01923076994717121,
      "outgoing_sparsity": 0.044871795922517776,
      "overall_sparsity": 0.03205128386616707
    },
    "LinkedIn": {
      "incoming_sparsity": 0.05128205195069313,
      "outgoing_sparsity": 0.057692307978868484,
      "overall_sparsity": 0.05448717996478081
    },
    "Podcast": {
      "incoming_sparsity": 0.09615384787321091,
      "outgoing_sparsity": 0.06410256773233414,
      "overall_sparsity": 0.08012820780277252
    },
    "Reddit": {
      "incoming_sparsity": 0.044871795922517776,
      "outgoing_sparsity": 0.057692307978868484,
      "overall_sparsity": 0.05128205195069313
    },
    "Review Sites": {
      "incoming_sparsity": 0.025641025975346565,
      "outgoing_sparsity": 0.012820512987673283,
      "overall_sparsity": 0.01923076994717121
    },
    "YouTube": {
      "incoming_sparsity": 0.0,
      "outgoing_sparsity": 0.0,
      "overall_sparsity": 0.0
    }
  },
  "stage_summary": {
    "tofu": {
      "channel_attn_sparsity": 0.4890407621860504
    },
    "mofu": {
      "channel_attn_sparsity": 0.139265775680542
    },
    "bofu": {
      "channel_attn_sparsity": 0.053929492831230164
    }
  },
  "synergy_top": [
    {
      "source": "Reddit",
      "target": "Display",
      "weight": 0.09595013409852982
    },
    {
      "source": "Podcast",
      "target": "Display",
      "weight": 0.0929955244064331
    },
    {
      "source": "LinkedIn",
      "target": "Display",
      "weight": 0.09225242584943771
    },
    {
      "source": "CTV",
      "target": "Display",
      "weight": 0.09157391637563705
    },
    {
      "source": "Google Shopping",
      "target": "Display",
      "weight": 0.08789900690317154
    },
    {
      "source": "Review Sites",
      "target": "Google Shopping",
      "weight": 0.08643689751625061
    },
    {
      "source": "Affiliates",
      "target": "Display",
      "weight": 0.08572743088006973
    },
    {
      "source": "Bing",
      "target": "Display",
      "weight": 0.08567776530981064
    },
    {
      "source": "Google Shopping",
      "target": "YouTube",
      "weight": 0.08525194972753525
    },
    {
      "source": "CTV",
      "target": "Affiliates",
      "weight": 0.08521159738302231
    }
  ],
  "synergy_matrix": [
    [
      0.07952197641134262,
      0.07828540354967117,
      0.07082320749759674,
      0.08572743088006973,
      0.08132340013980865,
      0.08220384269952774,
      0.08181419223546982,
      0.07298727333545685,
      0.06998157501220703,
      0.06987019628286362,
      0.07107287645339966,
      0.07630867511034012,
      0.08007991313934326
    ],
    [
      0.08134597539901733,
      0.07929501682519913,
      0.06992516666650772,
      0.08567776530981064,
      0.07905454188585281,
      0.08186551183462143,
      0.0813184306025505,
      0.07292085140943527,
      0.07148238271474838,
      0.06816017627716064,
      0.07086743414402008,
      0.07644485682249069,
      0.08164189010858536
    ],
    [
      0.08521159738302231,
      0.07545197755098343,
      0.06609854102134705,
      0.09157391637563705,
      0.07737428694963455,
      0.08026852458715439,
      0.0832376480102539,
      0.08075312525033951,
      0.06922132521867752,
      0.06410858780145645,
      0.06987573951482773,
      0.07612703740596771,
      0.08069772273302078
    ],
    [
      0.08265644311904907,
      0.07864538580179214,
      0.07166869193315506,
      0.08045980334281921,
      0.07881423830986023,
      0.08171293884515762,
      0.08101332932710648,
      0.07481405138969421,
      0.07356852293014526,
      0.07235250622034073,
      0.07142751663923264,
      0.07681726664304733,
      0.0760493203997612
    ],
    [
      0.08329301327466965,
      0.07650422304868698,
      0.07233838737010956,
      0.08385401964187622,
      0.07785423845052719,
      0.08041039109230042,
      0.0803804025053978,
      0.07433944195508957,
      0.071993887424469,
      0.0726969763636589,
      0.07339223474264145,
      0.07446718961000443,
      0.07847560197114944
    ],
    [
      0.0823790654540062,
      0.07510272413492203,
      0.07420744746923447,
      0.08177518844604492,
      0.07918190956115723,
      0.08032695204019547,
      0.07629803568124771,
      0.07774396985769272,
      0.07297714799642563,
      0.07313958555459976,
      0.07305506616830826,
      0.0765286535024643,
      0.07728426158428192
    ],
    [
      0.08152539283037186,
      0.07624199241399765,
      0.07330106198787689,
      0.08333316445350647,
      0.07698557525873184,
      0.08303861320018768,
      0.07659875601530075,
      0.07671207189559937,
      0.0715826153755188,
      0.07467217743396759,
      0.07459136098623276,
      0.07357854396104813,
      0.07783868163824081
    ],
    [
      0.08480783551931381,
      0.07477447390556335,
      0.06897733360528946,
      0.08789900690317154,
      0.07852008193731308,
      0.08047929406166077,
      0.0821470320224762,
      0.0657823383808136,
      0.07157815247774124,
      0.06809139996767044,
      0.07234888523817062,
      0.07934218645095825,
      0.08525194972753525
    ],
    [
      0.08033749461174011,
      0.07655593752861023,
      0.06828650087118149,
      0.09225242584943771,
      0.07816377282142639,
      0.08111993223428726,
      0.08239578455686569,
      0.08166161924600601,
      0.06844731420278549,
      0.06686228513717651,
      0.07000226527452469,
      0.07567821443080902,
      0.07823645323514938
    ],
    [
      0.08451425284147263,
      0.07636293768882751,
      0.06527301669120789,
      0.0929955244064331,
      0.07821423560380936,
      0.08211636543273926,
      0.08225268870592117,
      0.08081021159887314,
      0.06923114508390427,
      0.0643826350569725,
      0.06821734458208084,
      0.07474607974290848,
      0.08088358491659164
    ],
    [
      0.07984050363302231,
      0.07551062852144241,
      0.06792408227920532,
      0.09595013409852982,
      0.07687246054410934,
      0.08193248510360718,
      0.08125763386487961,
      0.08006677776575089,
      0.07040760666131973,
      0.06662368774414062,
      0.06856131553649902,
      0.07371159642934799,
      0.08134108036756516
    ],
    [
      0.08165521174669266,
      0.07827956974506378,
      0.0717490091919899,
      0.08361247926950455,
      0.07668254524469376,
      0.07903720438480377,
