,Affiliates,Bing,CTV,Display,Facebook,Google Brand,Google Non-Brand,Google Shopping,LinkedIn,Podcast,Reddit,Review Sites,YouTube
Affiliates,0.07952198,0.0782854,0.07082321,0.08572743,0.0813234,0.08220384,0.08181419,0.07298727,0.069981575,0.0698702,0.07107288,0.076308675,0.08007991
Bing,0.081345975,0.07929502,0.06992517,0.085677765,0.07905454,0.08186551,0.08131843,0.07292085,0.07148238,0.06816018,0.070867434,0.07644486,0.08164189
CTV,0.0852116,0.07545198,0.06609854,0.09157392,0.07737429,0.080268525,0.08323765,0.080753125,0.069221325,0.06410859,0.06987574,0.07612704,0.08069772
Display,0.08265644,0.078645386,0.07166869,0.0804598,0.07881424,0.08171294,0.08101333,0.07481405,0.07356852,0.072352506,0.07142752,0.07681727,0.07604932
Facebook,0.08329301,0.07650422,0.07233839,0.08385402,0.07785424,0.08041039,0.0803804,0.07433944,0.07199389,0.07269698,0.073392235,0.07446719,0.0784756
Google Brand,0.082379065,0.075102724,0.07420745,0.08177519,0.07918191,0.08032695,0.076298036,0.07774397,0.07297715,0.073139586,0.073055066,0.07652865,0.07728426
Google Non-Brand,0.08152539,0.07624199,0.07330106,0.083333164,0.076985575,0.08303861,0.076598756,0.07671207,0.071582615,0.07467218,0.07459136,0.073578544,0.07783868
Google Shopping,0.084807836,0.074774474,0.06897733,0.08789901,0.07852008,0.080479294,0.08214703,0.06578234,0.07157815,0.0680914,0.072348885,0.07934219,0.08525195
LinkedIn,0.080337495,0.07655594,0.0682865,0.092252426,0.07816377,0.08111993,0.082395785,0.08166162,0.068447314,0.066862285,0.070002265,0.075678214,0.07823645
Podcast,0.08451425,0.07636294,0.06527302,0.092995524,0.078214236,0.082116365,0.08225269,0.08081021,0.069231145,0.064382635,0.068217345,0.07474608,0.080883585
Reddit,0.0798405,0.07551063,0.06792408,0.095950134,0.07687246,0.081932485,0.081257634,0.08006678,0.07040761,0.06662369,0.068561316,0.0737116,0.08134108
Review Sites,0.08165521,0.07827957,0.07174901,0.08361248,0.076682545,0.079037204,0.07568531,0.0864369,0.07152161,0.07204973,0.07176572,0.074399345,0.07712536
YouTube,0.079229675,0.0774648,0.073123805,0.08256244,0.07661632,0.08091084,0.08075151,0.084155165,0.07380248,0.071327984,0.07108053,0.0752669,0.07370754
