,Affiliates,Bing,CTV,Display,Facebook,Google Brand,Google Non-Brand,Google Shopping,LinkedIn,Podcast,Reddit,Review Sites,YouTube
Affiliates,0.07294119,0.07795178,0.08114059,0.07332132,0.07186394,0.0744241,0.07610924,0.07968033,0.079132,0.07897123,0.0814582,0.07752967,0.07547638
Bing,0.080055974,0.08078686,0.075306505,0.07479143,0.07666818,0.07551867,0.07762808,0.07352551,0.076171,0.07682019,0.08045665,0.07733586,0.07493508
CTV,0.07512314,0.0788331,0.07629195,0.07525711,0.07477996,0.073432714,0.08044998,0.08041739,0.07908455,0.07631671,0.07735729,0.07863528,0.07402081
Display,0.07787052,0.07699397,0.077708066,0.08044801,0.0757846,0.07244987,0.077158846,0.075320564,0.07524721,0.07658707,0.07759432,0.080173574,0.07666337
Facebook,0.07789788,0.07786424,0.07635821,0.076092295,0.07538349,0.073158756,0.078686,0.07707196,0.07628912,0.07743013,0.07954309,0.078701496,0.07552336
Google Brand,0.07608543,0.078181304,0.07732812,0.07368529,0.075733244,0.073812254,0.080697365,0.076545775,0.07766848,0.07697733,0.07768757,0.07922521,0.07637262
Google Non-Brand,0.0777727,0.07715771,0.07547313,0.07191691,0.07790723,0.07613117,0.08167127,0.07753698,0.07654216,0.075796165,0.07765749,0.07829102,0.076146066
Google Shopping,0.07867815,0.07707551,0.07711756,0.07607285,0.076478146,0.07448545,0.078090854,0.0761058,0.07765723,0.07545213,0.07912492,0.07821751,0.0754439
LinkedIn,0.07651801,0.08073941,0.07442355,0.07052785,0.079420514,0.07496891,0.08040523,0.07669505,0.07763126,0.07548285,0.0762853,0.08245603,0.074446045
Podcast,0.07930984,0.08018743,0.07335374,0.07598034,0.07458949,0.073082715,0.08114095,0.0782231,0.07763227,0.0747321,0.077941306,0.079879984,0.07394674
Reddit,0.08022357,0.0786708,0.07483425,0.07088608,0.075330146,0.07582093,0.08147821,0.07847186,0.07862217,0.07438507,0.0783541,0.07764969,0.07527312
Review Sites,0.074835844,0.08045518,0.0729117,0.07403956,0.0793917,0.07389403,0.08424125,0.076206446,0.0773926,0.075010695,0.078596175,0.07552008,0.07750472
YouTube,0.07653052,0.08009889,0.07497494,0.071691655,0.07723413,0.07294898,0.08250476,0.07778515,0.0759599,0.07768175,0.07735829,0.08053399,0.074697055
